<?xml version="1.0" encoding="UTF-8"?>
<root>
  <item name="com.mapbox.geocoder.MapboxGeocoder.Builder _geocodingDataset">
    <annotation name="android.support.annotation.StringDef">
      <val name="value" val="{com.mapbox.geocoder.GeocoderCriteria.DATASET_PLACES, com.mapbox.geocoder.GeocoderCriteria.DATASET_PLACES_PERMANENT}" />
    </annotation>
  </item>
  <item name="com.mapbox.geocoder.MapboxGeocoder.Builder _geocodingType">
    <annotation name="android.support.annotation.StringDef">
      <val name="value" val="{com.mapbox.geocoder.GeocoderCriteria.TYPE_COUNTRY, com.mapbox.geocoder.GeocoderCriteria.TYPE_REGION, com.mapbox.geocoder.GeocoderCriteria.TYPE_POSTCODE, com.mapbox.geocoder.GeocoderCriteria.TYPE_PLACE, com.mapbox.geocoder.GeocoderCriteria.TYPE_NEIGHBORHOOD, com.mapbox.geocoder.GeocoderCriteria.TYPE_ADDRESS, com.mapbox.geocoder.GeocoderCriteria.TYPE_POI}" />
    </annotation>
  </item>
  <item name="com.mapbox.geocoder.MapboxGeocoder.Builder com.mapbox.geocoder.MapboxGeocoder.Builder setDataset(java.lang.String) 0">
    <annotation name="android.support.annotation.StringDef">
      <val name="value" val="{com.mapbox.geocoder.GeocoderCriteria.DATASET_PLACES, com.mapbox.geocoder.GeocoderCriteria.DATASET_PLACES_PERMANENT}" />
    </annotation>
  </item>
  <item name="com.mapbox.geocoder.MapboxGeocoder.Builder com.mapbox.geocoder.MapboxGeocoder.Builder setType(java.lang.String) 0">
    <annotation name="android.support.annotation.StringDef">
      <val name="value" val="{com.mapbox.geocoder.GeocoderCriteria.TYPE_COUNTRY, com.mapbox.geocoder.GeocoderCriteria.TYPE_REGION, com.mapbox.geocoder.GeocoderCriteria.TYPE_POSTCODE, com.mapbox.geocoder.GeocoderCriteria.TYPE_PLACE, com.mapbox.geocoder.GeocoderCriteria.TYPE_NEIGHBORHOOD, com.mapbox.geocoder.GeocoderCriteria.TYPE_ADDRESS, com.mapbox.geocoder.GeocoderCriteria.TYPE_POI}" />
    </annotation>
  </item>
</root>

